{
  "version": "7",
  "dialect": "postgresql",
  "entries": [
    {
      "idx": 0,
      "version": "7",
      "when": 1728598022383,
      "tag": "0000_keen_devos",
      "breakpoints": true
    },
    {
      "idx": 1,
      "version": "7",
      "when": 1730207363999,
      "tag": "0001_sparkling_blue_marvel",
      "breakpoints": true
    },
    {
      "idx": 2,
      "version": "7",
      "when": 1730725226313,
      "tag": "0002_wandering_riptide",
      "breakpoints": true
    },
    {
      "idx": 3,
      "version": "7",
      "when": 1733403031014,
      "tag": "0003_cloudy_glorian",
      "breakpoints": true
    },
    {
      "idx": 4,
      "version": "7",
      "when": 1733945232355,
      "tag": "0004_odd_slayback",
      "breakpoints": true
    }
  ]
}